name,links
assassination-classroom,https://lelscans.net/lecture-ligne-assassination-classroom.php
beelzebub,https://lelscans.net/lecture-en-ligne-beelzebub.php
black-clover,https://lelscans.net/lecture-en-ligne-black-clover.php
bleach,https://lelscans.net/lecture-ligne-bleach.php
blue-lock,https://lelscans.net/lecture-en-ligne-blue-lock
boruto,https://lelscans.net/lecture-en-ligne-boruto.php
d-gray-man,https://lelscans.net/lecture-ligne-d-gray-man.php
dr-stone,https://lelscans.net/lecture-ligne-dr-stone.php
dragon-ball-super,https://lelscans.net/lecture-ligne-dragon-ball-super.php
fairy-tail,https://lelscans.net/lecture-ligne-fairy-tail.php
fire-force,https://lelscans.net/lecture-en-ligne-fire-force
four-knights-of-the-apocalypse,https://lelscans.net/lecture-en-ligne-four-knights-of-the-apocalypse.php
gantz,https://lelscans.net/lecture-en-ligne-gantz.php
gintama,https://lelscans.net/lecture-ligne-gintama.php
hajime-no-ippo,https://lelscans.net/lecture-en-ligne-hajime-no-ippo
hunter-x-hunter,https://lelscans.net/lecture-ligne-hunter-x-hunter.php
kaiju-no-8,https://lelscans.net/lecture-ligne-kaiju-no-8.php
kingdom,https://lelscans.net/lecture-en-ligne-kingdom.php
magi,https://lelscans.net/lecture-en-ligne-magi.php
my-hero-academia,https://lelscans.net/lecture-ligne-my-hero-academia.php
naruto,https://lelscans.net/lecture-ligne-naruto.php
naruto-gaiden,https://lelscans.net/lecture-ligne-naruto-gaiden.php
one-piece,https://lelscans.net/lecture-en-ligne-one-piece
one-punch-man,https://lelscans.net/lecture-ligne-one-punch-man.php
shingeki-no-kyojin,https://lelscans.net/lecture-ligne-shingeki-no-kyojin.php
solo-leveling,https://lelscans.net/lecture-en-ligne-solo-leveling
soul-eater,https://lelscans.net/lecture-en-ligne-soul-eater.php
the-breaker-new-waves,https://lelscans.net/lecture-en-ligne-the-breaker-new-waves.php
the-seven-deadly-sins,https://lelscans.net/lecture-ligne-the-seven-deadly-sins.php
tokyo-ghoul-re,https://lelscans.net/lecture-ligne-tokyo-ghoul-re.php
tokyo-revengers,https://lelscans.net/lecture-en-ligne-tokyo-revengers.php
tokyo-shinobi-squad,https://lelscans.net/lecture-ligne-tokyo-shinobi-squad.php
toriko,https://lelscans.net/lecture-ligne-toriko.php
