NomManga,links
a-returners-magic-should-be-special,https://www.lelmanga.com/manga/a-returners-magic-should-be-special
ao-no-miburo,https://www.lelmanga.com/manga/ao-no-miburo
berserk,https://www.lelmanga.com/manga/berserk
black-clover,https://www.lelmanga.com/manga/black-clover
blue-lock,https://www.lelmanga.com/manga/blue-lock
boruto,https://www.lelmanga.com/manga/boruto
boruto-two-blue-vortex,https://www.lelmanga.com/manga/boruto-two-blue-vortex
burning-kabaddi,https://www.lelmanga.com/manga/burning-kabaddi
chainsaw-man,https://www.lelmanga.com/manga/chainsaw-man
choujin-x,https://www.lelmanga.com/manga/choujin-x
d-gray-man,https://www.lelmanga.com/manga/d-gray-man
dandadan,https://www.lelmanga.com/manga/dandadan
doron-dororon,https://www.lelmanga.com/manga/doron-dororon
dr-stone,https://www.lelmanga.com/manga/dr-stone
dragon-ball-super,https://www.lelmanga.com/manga/dragon-ball-super
edens-zero,https://www.lelmanga.com/manga/edens-zero
evil-heroes,https://www.lelmanga.com/manga/evil-heroes
fairy-tail-100-years-quest,https://www.lelmanga.com/manga/fairy-tail-100-years-quest
feng-shen-ji,https://www.lelmanga.com/manga/feng-shen-ji
four-knights-of-the-apocalypse,https://www.lelmanga.com/manga/four-knights-of-the-apocalypse
gachi-akuta,https://www.lelmanga.com/manga/gachi-akuta
haikyuu,https://www.lelmanga.com/manga/haikyuu
hunter-x-hunter,https://www.lelmanga.com/manga/hunter-x-hunter
i-am-the-sorcerer-king,https://www.lelmanga.com/manga/i-am-the-sorcerer-king
jujutsu-kaisen,https://www.lelmanga.com/manga/jujutsu-kaisen
kagura-bachi,https://www.lelmanga.com/manga/kagura-bachi
kaiju-no-8,https://www.lelmanga.com/manga/kaiju-no-8
kimetsu-no-yaiba,https://www.lelmanga.com/manga/kimetsu-no-yaiba
kingdom,https://www.lelmanga.com/manga/kingdom
kurogane-no-valhallian,https://www.lelmanga.com/manga/kurogane-no-valhallian
leveling-up-alone,https://www.lelmanga.com/manga/leveling-up-alone
mamayuyu,https://www.lelmanga.com/manga/mamayuyu
marriage-toxin,https://www.lelmanga.com/manga/marriage-toxin
martial-peak,https://www.lelmanga.com/manga/martial-peak
mashle-magic-and-muscles,https://www.lelmanga.com/manga/mashle-magic-and-muscles
max-level-returner,https://www.lelmanga.com/manga/max-level-returner
my-hero-academia,https://www.lelmanga.com/manga/my-hero-academia
nanatsu-no-taizai,https://www.lelmanga.com/manga/nanatsu-no-taizai
nano-machine,https://www.lelmanga.com/manga/nano-machine
one-piece,https://www.lelmanga.com/manga/one-piece
one-piece-aces-story,https://www.lelmanga.com/manga/one-piece-aces-story
one-punch-man,https://www.lelmanga.com/manga/one-punch-man
player-reborn,https://www.lelmanga.com/manga/player-reborn
sakamoto-days,https://www.lelmanga.com/manga/sakamoto-days
samurai-8-hachimaruden,https://www.lelmanga.com/manga/samurai-8-hachimaruden
sawako,https://www.lelmanga.com/manga/sawako
shingeki-no-kyojin,https://www.lelmanga.com/manga/shingeki-no-kyojin
shuumatsu-no-valkyrie,https://www.lelmanga.com/manga/shuumatsu-no-valkyrie
shuumatsu-no-valkyrie-kitan-jack-the-ripper-no-jikenbo,https://www.lelmanga.com/manga/shuumatsu-no-valkyrie-kitan-jack-the-ripper-no-jikenbo
solo-auto-hunting,https://www.lelmanga.com/manga/solo-auto-hunting
solo-leveling,https://www.lelmanga.com/manga/solo-leveling
star-martial-god-technique,https://www.lelmanga.com/manga/star-martial-god-technique
tales-of-demons-and-gods,https://www.lelmanga.com/manga/tales-of-demons-and-gods
tensei-shitara-slime-datta-ken,https://www.lelmanga.com/manga/tensei-shitara-slime-datta-ken
the-gamer,https://www.lelmanga.com/manga/the-gamer
the-god-of-high-school,https://www.lelmanga.com/manga/the-god-of-high-school
the-legendary-moonlight-sculptor,https://www.lelmanga.com/manga/the-legendary-moonlight-sculptor
the-pool,https://www.lelmanga.com/manga/the-pool
the-promised-neverland,https://www.lelmanga.com/manga/the-promised-neverland
the-second-coming-of-gluttony,https://www.lelmanga.com/manga/the-second-coming-of-gluttony
tokyo-revengers,https://www.lelmanga.com/manga/tokyo-revengers
tower-of-god,https://www.lelmanga.com/manga/tower-of-god
vinland-saga,https://www.lelmanga.com/manga/vinland-saga
wind-breaker,https://www.lelmanga.com/manga/wind-breaker
yomi-no-tsugai,https://www.lelmanga.com/manga/yomi-no-tsugai
yomotsuhegui-le-fruit-du-royaume-des-morts,https://www.lelmanga.com/manga/yomotsuhegui-le-fruit-du-royaume-des-morts
