NomSite,NomManga,Chapitres,ChapterLink
fmteam,batuque,chapitre 120,https://fmteam.fr/api/download/batuque/fr/ch/120
fmteam,batuque,chapitre 119,https://fmteam.fr/api/download/batuque/fr/ch/119
fmteam,batuque,chapitre 118,https://fmteam.fr/api/download/batuque/fr/ch/118
fmteam,batuque,chapitre 117,https://fmteam.fr/api/download/batuque/fr/ch/117
fmteam,batuque,chapitre 116,https://fmteam.fr/api/download/batuque/fr/ch/116
fmteam,batuque,chapitre 115,https://fmteam.fr/api/download/batuque/fr/ch/115
fmteam,batuque,chapitre 114,https://fmteam.fr/api/download/batuque/fr/ch/114
fmteam,batuque,chapitre 113,https://fmteam.fr/api/download/batuque/fr/ch/113
fmteam,batuque,chapitre 112,https://fmteam.fr/api/download/batuque/fr/ch/112
fmteam,batuque,chapitre 111,https://fmteam.fr/api/download/batuque/fr/ch/111
fmteam,batuque,chapitre 110,https://fmteam.fr/api/download/batuque/fr/ch/110
fmteam,batuque,chapitre 109,https://fmteam.fr/api/download/batuque/fr/ch/109
fmteam,batuque,chapitre 108,https://fmteam.fr/api/download/batuque/fr/ch/108
fmteam,batuque,chapitre 107,https://fmteam.fr/api/download/batuque/fr/ch/107
fmteam,batuque,chapitre 106,https://fmteam.fr/api/download/batuque/fr/ch/106
fmteam,batuque,chapitre 105,https://fmteam.fr/api/download/batuque/fr/ch/105
fmteam,batuque,chapitre 104,https://fmteam.fr/api/download/batuque/fr/ch/104
fmteam,batuque,chapitre 103,https://fmteam.fr/api/download/batuque/fr/ch/103
fmteam,batuque,chapitre 102,https://fmteam.fr/api/download/batuque/fr/ch/102
fmteam,batuque,chapitre 101,https://fmteam.fr/api/download/batuque/fr/ch/101
fmteam,batuque,chapitre 100,https://fmteam.fr/api/download/batuque/fr/ch/100
fmteam,batuque,chapitre 99,https://fmteam.fr/api/download/batuque/fr/ch/99
fmteam,batuque,chapitre 98,https://fmteam.fr/api/download/batuque/fr/ch/98
fmteam,batuque,chapitre 97,https://fmteam.fr/api/download/batuque/fr/ch/97
fmteam,batuque,chapitre 96,https://fmteam.fr/api/download/batuque/fr/ch/96
fmteam,batuque,chapitre 95,https://fmteam.fr/api/download/batuque/fr/ch/95
fmteam,batuque,chapitre 94,https://fmteam.fr/api/download/batuque/fr/ch/94
fmteam,batuque,chapitre 93,https://fmteam.fr/api/download/batuque/fr/ch/93
fmteam,batuque,chapitre 92,https://fmteam.fr/api/download/batuque/fr/ch/92
fmteam,batuque,chapitre 91,https://fmteam.fr/api/download/batuque/fr/ch/91
fmteam,batuque,chapitre 90,https://fmteam.fr/api/download/batuque/fr/ch/90
fmteam,batuque,chapitre 89,https://fmteam.fr/api/download/batuque/fr/ch/89
fmteam,batuque,chapitre 88,https://fmteam.fr/api/download/batuque/fr/ch/88
fmteam,batuque,chapitre 87,https://fmteam.fr/api/download/batuque/fr/ch/87
fmteam,batuque,chapitre 86,https://fmteam.fr/api/download/batuque/fr/ch/86
fmteam,batuque,chapitre 85,https://fmteam.fr/api/download/batuque/fr/ch/85
fmteam,batuque,chapitre 84,https://fmteam.fr/api/download/batuque/fr/ch/84
fmteam,batuque,chapitre 83,https://fmteam.fr/api/download/batuque/fr/ch/83
fmteam,batuque,chapitre 82,https://fmteam.fr/api/download/batuque/fr/ch/82
fmteam,batuque,chapitre 81,https://fmteam.fr/api/download/batuque/fr/ch/81
fmteam,batuque,chapitre 80,https://fmteam.fr/api/download/batuque/fr/ch/80
fmteam,batuque,chapitre 79,https://fmteam.fr/api/download/batuque/fr/ch/79
fmteam,batuque,chapitre 78,https://fmteam.fr/api/download/batuque/fr/ch/78
fmteam,batuque,chapitre 77,https://fmteam.fr/api/download/batuque/fr/ch/77
fmteam,batuque,chapitre 76,https://fmteam.fr/api/download/batuque/fr/ch/76
fmteam,batuque,chapitre 75,https://fmteam.fr/api/download/batuque/fr/ch/75
fmteam,batuque,chapitre 74,https://fmteam.fr/api/download/batuque/fr/ch/74
fmteam,batuque,chapitre 73,https://fmteam.fr/api/download/batuque/fr/ch/73
fmteam,batuque,chapitre 72,https://fmteam.fr/api/download/batuque/fr/ch/72
fmteam,batuque,chapitre 71,https://fmteam.fr/api/download/batuque/fr/ch/71
fmteam,batuque,chapitre 70,https://fmteam.fr/api/download/batuque/fr/ch/70
fmteam,batuque,chapitre 69,https://fmteam.fr/api/download/batuque/fr/ch/69
fmteam,batuque,chapitre 68,https://fmteam.fr/api/download/batuque/fr/ch/68
fmteam,batuque,chapitre 67,https://fmteam.fr/api/download/batuque/fr/ch/67
fmteam,batuque,chapitre 66,https://fmteam.fr/api/download/batuque/fr/ch/66
fmteam,batuque,chapitre 65,https://fmteam.fr/api/download/batuque/fr/ch/65
fmteam,batuque,chapitre 64,https://fmteam.fr/api/download/batuque/fr/ch/64
fmteam,batuque,chapitre 63,https://fmteam.fr/api/download/batuque/fr/ch/63
fmteam,batuque,chapitre 62,https://fmteam.fr/api/download/batuque/fr/ch/62
fmteam,batuque,chapitre 61,https://fmteam.fr/api/download/batuque/fr/ch/61
fmteam,batuque,chapitre 60,https://fmteam.fr/api/download/batuque/fr/ch/60
fmteam,batuque,chapitre 59,https://fmteam.fr/api/download/batuque/fr/ch/59
fmteam,batuque,chapitre 58,https://fmteam.fr/api/download/batuque/fr/ch/58
fmteam,batuque,chapitre 57,https://fmteam.fr/api/download/batuque/fr/ch/57
fmteam,batuque,chapitre 56,https://fmteam.fr/api/download/batuque/fr/ch/56
fmteam,batuque,chapitre 55,https://fmteam.fr/api/download/batuque/fr/ch/55
fmteam,batuque,chapitre 54,https://fmteam.fr/api/download/batuque/fr/ch/54
fmteam,batuque,chapitre 53,https://fmteam.fr/api/download/batuque/fr/ch/53
fmteam,batuque,chapitre 52,https://fmteam.fr/api/download/batuque/fr/ch/52
fmteam,batuque,chapitre 51,https://fmteam.fr/api/download/batuque/fr/ch/51
fmteam,batuque,chapitre 50,https://fmteam.fr/api/download/batuque/fr/ch/50
fmteam,batuque,chapitre 49,https://fmteam.fr/api/download/batuque/fr/ch/49
fmteam,batuque,chapitre 48,https://fmteam.fr/api/download/batuque/fr/ch/48
fmteam,batuque,chapitre 47,https://fmteam.fr/api/download/batuque/fr/ch/47
fmteam,batuque,chapitre 46,https://fmteam.fr/api/download/batuque/fr/ch/46
fmteam,batuque,chapitre 45,https://fmteam.fr/api/download/batuque/fr/ch/45
fmteam,batuque,chapitre 44,https://fmteam.fr/api/download/batuque/fr/ch/44
fmteam,batuque,chapitre 43,https://fmteam.fr/api/download/batuque/fr/ch/43
fmteam,batuque,chapitre 42,https://fmteam.fr/api/download/batuque/fr/ch/42
fmteam,batuque,chapitre 41,https://fmteam.fr/api/download/batuque/fr/ch/41
fmteam,batuque,chapitre 40,https://fmteam.fr/api/download/batuque/fr/ch/40
fmteam,batuque,chapitre 39,https://fmteam.fr/api/download/batuque/fr/ch/39
fmteam,batuque,chapitre 38,https://fmteam.fr/api/download/batuque/fr/ch/38
fmteam,batuque,chapitre 37,https://fmteam.fr/api/download/batuque/fr/ch/37
fmteam,batuque,chapitre 36,https://fmteam.fr/api/download/batuque/fr/ch/36
fmteam,batuque,chapitre 35,https://fmteam.fr/api/download/batuque/fr/ch/35
fmteam,batuque,chapitre 34,https://fmteam.fr/api/download/batuque/fr/ch/34
fmteam,batuque,chapitre 33,https://fmteam.fr/api/download/batuque/fr/ch/33
fmteam,batuque,chapitre 32,https://fmteam.fr/api/download/batuque/fr/ch/32
fmteam,batuque,chapitre 31,https://fmteam.fr/api/download/batuque/fr/ch/31
fmteam,batuque,chapitre 30,https://fmteam.fr/api/download/batuque/fr/ch/30
fmteam,batuque,chapitre 29,https://fmteam.fr/api/download/batuque/fr/ch/29
fmteam,batuque,chapitre 28,https://fmteam.fr/api/download/batuque/fr/ch/28
fmteam,batuque,chapitre 27,https://fmteam.fr/api/download/batuque/fr/ch/27
fmteam,batuque,chapitre 26,https://fmteam.fr/api/download/batuque/fr/ch/26
fmteam,batuque,chapitre 25,https://fmteam.fr/api/download/batuque/fr/ch/25
fmteam,batuque,chapitre 24,https://fmteam.fr/api/download/batuque/fr/ch/24
fmteam,batuque,chapitre 23,https://fmteam.fr/api/download/batuque/fr/ch/23
fmteam,batuque,chapitre 22,https://fmteam.fr/api/download/batuque/fr/ch/22
fmteam,batuque,chapitre 21,https://fmteam.fr/api/download/batuque/fr/ch/21
fmteam,batuque,chapitre 20,https://fmteam.fr/api/download/batuque/fr/ch/20
fmteam,batuque,chapitre 19,https://fmteam.fr/api/download/batuque/fr/ch/19
fmteam,batuque,chapitre 18,https://fmteam.fr/api/download/batuque/fr/ch/18
fmteam,batuque,chapitre 17,https://fmteam.fr/api/download/batuque/fr/ch/17
fmteam,batuque,chapitre 16,https://fmteam.fr/api/download/batuque/fr/ch/16
fmteam,batuque,chapitre 15,https://fmteam.fr/api/download/batuque/fr/ch/15
fmteam,batuque,chapitre 14,https://fmteam.fr/api/download/batuque/fr/ch/14
fmteam,batuque,chapitre 13,https://fmteam.fr/api/download/batuque/fr/ch/13
fmteam,batuque,chapitre 12,https://fmteam.fr/api/download/batuque/fr/ch/12
fmteam,batuque,chapitre 11,https://fmteam.fr/api/download/batuque/fr/ch/11
fmteam,batuque,chapitre 10,https://fmteam.fr/api/download/batuque/fr/ch/10
fmteam,batuque,chapitre 9,https://fmteam.fr/api/download/batuque/fr/ch/9
fmteam,batuque,chapitre 8,https://fmteam.fr/api/download/batuque/fr/ch/8
fmteam,batuque,chapitre 7,https://fmteam.fr/api/download/batuque/fr/ch/7
fmteam,batuque,chapitre 6,https://fmteam.fr/api/download/batuque/fr/ch/6
fmteam,batuque,chapitre 5,https://fmteam.fr/api/download/batuque/fr/ch/5
fmteam,batuque,chapitre 4,https://fmteam.fr/api/download/batuque/fr/ch/4
fmteam,batuque,chapitre 3,https://fmteam.fr/api/download/batuque/fr/ch/3
fmteam,batuque,chapitre 2,https://fmteam.fr/api/download/batuque/fr/ch/2
fmteam,batuque,chapitre 1,https://fmteam.fr/api/download/batuque/fr/ch/1
fmteam,berserk,chapitre 375,https://fmteam.fr/api/download/berserk/fr/ch/375
fmteam,berserk,chapitre 374,https://fmteam.fr/api/download/berserk/fr/ch/374
fmteam,berserk,chapitre 373,https://fmteam.fr/api/download/berserk/fr/ch/373
fmteam,blue-lock,chapitre 244,https://fmteam.fr/api/download/blue-lock/fr/ch/244
fmteam,blue-lock,chapitre 243,https://fmteam.fr/api/download/blue-lock/fr/ch/243
fmteam,blue-lock,chapitre 242,https://fmteam.fr/api/download/blue-lock/fr/ch/242
fmteam,blue-lock-episode-nagi,chapitre 17,https://fmteam.fr/api/download/blue-lock-episode-nagi/fr/ch/17
fmteam,blue-lock-episode-nagi,chapitre 16,https://fmteam.fr/api/download/blue-lock-episode-nagi/fr/ch/16
fmteam,blue-lock-episode-nagi,chapitre 15,https://fmteam.fr/api/download/blue-lock-episode-nagi/fr/ch/15
fmteam,blue-lock-episode-nagi,chapitre 14,https://fmteam.fr/api/download/blue-lock-episode-nagi/fr/ch/14
fmteam,bouncer,chapitre 79,https://fmteam.fr/api/download/bouncer/fr/vol/13/ch/79
fmteam,bouncer,chapitre 78,https://fmteam.fr/api/download/bouncer/fr/vol/13/ch/78
fmteam,bouncer,chapitre 77,https://fmteam.fr/api/download/bouncer/fr/vol/13/ch/77
fmteam,bouncer,chapitre 76,https://fmteam.fr/api/download/bouncer/fr/vol/13/ch/76
fmteam,bouncer,chapitre 75,https://fmteam.fr/api/download/bouncer/fr/vol/13/ch/75
fmteam,bouncer,chapitre 74,https://fmteam.fr/api/download/bouncer/fr/vol/13/ch/74
fmteam,bouncer,chapitre 73,https://fmteam.fr/api/download/bouncer/fr/vol/12/ch/73
fmteam,bouncer,chapitre 72,https://fmteam.fr/api/download/bouncer/fr/vol/12/ch/72
fmteam,bouncer,chapitre 71,https://fmteam.fr/api/download/bouncer/fr/vol/12/ch/71
fmteam,bouncer,chapitre 70,https://fmteam.fr/api/download/bouncer/fr/vol/12/ch/70
fmteam,bouncer,chapitre 69,https://fmteam.fr/api/download/bouncer/fr/vol/12/ch/69
fmteam,bouncer,chapitre 68,https://fmteam.fr/api/download/bouncer/fr/vol/12/ch/68
fmteam,bouncer,chapitre 67.5,https://fmteam.fr/api/download/bouncer/fr/vol/11/ch/67/sub/5
fmteam,bouncer,chapitre 67,https://fmteam.fr/api/download/bouncer/fr/vol/11/ch/67
fmteam,bouncer,chapitre 66,https://fmteam.fr/api/download/bouncer/fr/vol/11/ch/66
fmteam,bouncer,chapitre 65,https://fmteam.fr/api/download/bouncer/fr/vol/11/ch/65
fmteam,bouncer,chapitre 64,https://fmteam.fr/api/download/bouncer/fr/vol/11/ch/64
fmteam,bouncer,chapitre 63,https://fmteam.fr/api/download/bouncer/fr/vol/11/ch/63
fmteam,bouncer,chapitre 62,https://fmteam.fr/api/download/bouncer/fr/vol/11/ch/62
fmteam,bouncer,chapitre 61,https://fmteam.fr/api/download/bouncer/fr/vol/10/ch/61
fmteam,bouncer,chapitre 60,https://fmteam.fr/api/download/bouncer/fr/vol/10/ch/60
fmteam,bouncer,chapitre 59,https://fmteam.fr/api/download/bouncer/fr/vol/10/ch/59
fmteam,bouncer,chapitre 58,https://fmteam.fr/api/download/bouncer/fr/vol/10/ch/58
fmteam,bouncer,chapitre 57,https://fmteam.fr/api/download/bouncer/fr/vol/10/ch/57
fmteam,bouncer,chapitre 56,https://fmteam.fr/api/download/bouncer/fr/vol/10/ch/56
fmteam,bouncer,chapitre 55,https://fmteam.fr/api/download/bouncer/fr/vol/9/ch/55
fmteam,bouncer,chapitre 54,https://fmteam.fr/api/download/bouncer/fr/vol/9/ch/54
fmteam,bouncer,chapitre 53,https://fmteam.fr/api/download/bouncer/fr/vol/9/ch/53
fmteam,bouncer,chapitre 52,https://fmteam.fr/api/download/bouncer/fr/vol/9/ch/52
fmteam,bouncer,chapitre 51,https://fmteam.fr/api/download/bouncer/fr/vol/9/ch/51
fmteam,bouncer,chapitre 50,https://fmteam.fr/api/download/bouncer/fr/vol/9/ch/50
fmteam,bouncer,chapitre 49,https://fmteam.fr/api/download/bouncer/fr/vol/8/ch/49
fmteam,bouncer,chapitre 48,https://fmteam.fr/api/download/bouncer/fr/vol/8/ch/48
fmteam,bouncer,chapitre 47,https://fmteam.fr/api/download/bouncer/fr/vol/8/ch/47
fmteam,bouncer,chapitre 46,https://fmteam.fr/api/download/bouncer/fr/vol/8/ch/46
fmteam,bouncer,chapitre 45,https://fmteam.fr/api/download/bouncer/fr/vol/8/ch/45
fmteam,bouncer,chapitre 44,https://fmteam.fr/api/download/bouncer/fr/vol/8/ch/44
fmteam,bouncer,chapitre 43,https://fmteam.fr/api/download/bouncer/fr/vol/7/ch/43
fmteam,bouncer,chapitre 42,https://fmteam.fr/api/download/bouncer/fr/vol/7/ch/42
fmteam,bouncer,chapitre 41,https://fmteam.fr/api/download/bouncer/fr/vol/7/ch/41
fmteam,bouncer,chapitre 40,https://fmteam.fr/api/download/bouncer/fr/vol/7/ch/40
fmteam,bouncer,chapitre 39,https://fmteam.fr/api/download/bouncer/fr/vol/7/ch/39
fmteam,bouncer,chapitre 38,https://fmteam.fr/api/download/bouncer/fr/vol/7/ch/38
fmteam,bouncer,chapitre 37,https://fmteam.fr/api/download/bouncer/fr/vol/6/ch/37
fmteam,bouncer,chapitre 36,https://fmteam.fr/api/download/bouncer/fr/vol/6/ch/36
fmteam,bouncer,chapitre 35,https://fmteam.fr/api/download/bouncer/fr/vol/6/ch/35
fmteam,bouncer,chapitre 34,https://fmteam.fr/api/download/bouncer/fr/vol/6/ch/34
fmteam,bouncer,chapitre 33,https://fmteam.fr/api/download/bouncer/fr/vol/6/ch/33
fmteam,bouncer,chapitre 32,https://fmteam.fr/api/download/bouncer/fr/vol/6/ch/32
fmteam,bouncer,chapitre 31,https://fmteam.fr/api/download/bouncer/fr/vol/5/ch/31
fmteam,bouncer,chapitre 30,https://fmteam.fr/api/download/bouncer/fr/vol/5/ch/30
fmteam,bouncer,chapitre 29,https://fmteam.fr/api/download/bouncer/fr/vol/5/ch/29
fmteam,bouncer,chapitre 28,https://fmteam.fr/api/download/bouncer/fr/vol/5/ch/28
fmteam,bouncer,chapitre 27,https://fmteam.fr/api/download/bouncer/fr/vol/5/ch/27
fmteam,bouncer,chapitre 26,https://fmteam.fr/api/download/bouncer/fr/vol/5/ch/26
fmteam,bouncer,chapitre 25,https://fmteam.fr/api/download/bouncer/fr/vol/5/ch/25
fmteam,bouncer,chapitre 24,https://fmteam.fr/api/download/bouncer/fr/vol/4/ch/24
fmteam,bouncer,chapitre 23,https://fmteam.fr/api/download/bouncer/fr/vol/4/ch/23
fmteam,bouncer,chapitre 22,https://fmteam.fr/api/download/bouncer/fr/vol/4/ch/22
fmteam,bouncer,chapitre 21,https://fmteam.fr/api/download/bouncer/fr/vol/4/ch/21
fmteam,bouncer,chapitre 20,https://fmteam.fr/api/download/bouncer/fr/vol/4/ch/20
fmteam,bouncer,chapitre 19,https://fmteam.fr/api/download/bouncer/fr/vol/4/ch/19
fmteam,bouncer,chapitre 18,https://fmteam.fr/api/download/bouncer/fr/vol/3/ch/18
fmteam,bouncer,chapitre 17,https://fmteam.fr/api/download/bouncer/fr/vol/3/ch/17
fmteam,bouncer,chapitre 16,https://fmteam.fr/api/download/bouncer/fr/vol/3/ch/16
fmteam,bouncer,chapitre 15,https://fmteam.fr/api/download/bouncer/fr/vol/3/ch/15
fmteam,bouncer,chapitre 14,https://fmteam.fr/api/download/bouncer/fr/vol/3/ch/14
fmteam,bouncer,chapitre 13,https://fmteam.fr/api/download/bouncer/fr/vol/3/ch/13
fmteam,bouncer,chapitre 12,https://fmteam.fr/api/download/bouncer/fr/vol/2/ch/12
fmteam,bouncer,chapitre 11,https://fmteam.fr/api/download/bouncer/fr/vol/2/ch/11
fmteam,bouncer,chapitre 10,https://fmteam.fr/api/download/bouncer/fr/vol/2/ch/10
fmteam,bouncer,chapitre 9,https://fmteam.fr/api/download/bouncer/fr/vol/2/ch/9
fmteam,bouncer,chapitre 8,https://fmteam.fr/api/download/bouncer/fr/vol/2/ch/8
fmteam,bouncer,chapitre 7,https://fmteam.fr/api/download/bouncer/fr/vol/2/ch/7
fmteam,bouncer,chapitre 6,https://fmteam.fr/api/download/bouncer/fr/vol/1/ch/6
fmteam,bouncer,chapitre 5,https://fmteam.fr/api/download/bouncer/fr/vol/1/ch/5
fmteam,bouncer,chapitre 4,https://fmteam.fr/api/download/bouncer/fr/vol/1/ch/4
fmteam,bouncer,chapitre 3,https://fmteam.fr/api/download/bouncer/fr/vol/1/ch/3
fmteam,bouncer,chapitre 2,https://fmteam.fr/api/download/bouncer/fr/vol/1/ch/2
fmteam,bouncer,chapitre 1,https://fmteam.fr/api/download/bouncer/fr/vol/1/ch/1
fmteam,catechism,chapitre 2,https://fmteam.fr/api/download/catechism/fr/ch/2
fmteam,catechism,chapitre 1,https://fmteam.fr/api/download/catechism/fr/ch/1
fmteam,catechism,chapitre 0,https://fmteam.fr/api/download/catechism/fr/ch/0
fmteam,choujin-x,chapitre 45,https://fmteam.fr/api/download/choujin-x/fr/ch/45
fmteam,choujin-x,chapitre 44,https://fmteam.fr/api/download/choujin-x/fr/ch/44
fmteam,choujin-x,chapitre 43,https://fmteam.fr/api/download/choujin-x/fr/ch/43
fmteam,dgray-man,chapitre 249,https://fmteam.fr/api/download/dgray-man/fr/ch/249
fmteam,dgray-man,chapitre 248,https://fmteam.fr/api/download/dgray-man/fr/ch/248
fmteam,dgray-man,chapitre 247,https://fmteam.fr/api/download/dgray-man/fr/ch/247
fmteam,dai-dark,chapitre 43,https://fmteam.fr/api/download/dai-dark/fr/ch/43
fmteam,dai-dark,chapitre 42,https://fmteam.fr/api/download/dai-dark/fr/ch/42
fmteam,dai-dark,chapitre 41,https://fmteam.fr/api/download/dai-dark/fr/ch/41
fmteam,dandadan,chapitre 121,https://fmteam.fr/api/download/dandadan/fr/ch/121
fmteam,dandadan,chapitre 120,https://fmteam.fr/api/download/dandadan/fr/ch/120
fmteam,dandadan,chapitre 119,https://fmteam.fr/api/download/dandadan/fr/ch/119
fmteam,dr-stone-4d-science,chapitre 2,https://fmteam.fr/api/download/dr-stone-4d-science/fr/ch/2
fmteam,dr-stone-4d-science,chapitre 1,https://fmteam.fr/api/download/dr-stone-4d-science/fr/ch/1
fmteam,hajime-no-ippo,chapitre 1443,https://fmteam.fr/api/download/hajime-no-ippo/fr/ch/1443
fmteam,hajime-no-ippo,chapitre 1442,https://fmteam.fr/api/download/hajime-no-ippo/fr/ch/1442
fmteam,hajime-no-ippo,chapitre 1441,https://fmteam.fr/api/download/hajime-no-ippo/fr/ch/1441
fmteam,kamen-byoto,chapitre 10,https://fmteam.fr/api/download/kamen-byoto/fr/vol/3/ch/10
fmteam,kamen-byoto,chapitre 9,https://fmteam.fr/api/download/kamen-byoto/fr/vol/3/ch/9
fmteam,kamen-byoto,chapitre 8,https://fmteam.fr/api/download/kamen-byoto/fr/vol/3/ch/8
fmteam,kamen-byoto,chapitre 7,https://fmteam.fr/api/download/kamen-byoto/fr/vol/2/ch/7
fmteam,kamen-byoto,chapitre 6,https://fmteam.fr/api/download/kamen-byoto/fr/vol/2/ch/6
fmteam,kamen-byoto,chapitre 5,https://fmteam.fr/api/download/kamen-byoto/fr/vol/2/ch/5
fmteam,kamen-byoto,chapitre 4.2,https://fmteam.fr/api/download/kamen-byoto/fr/vol/2/ch/4/sub/2
fmteam,kamen-byoto,chapitre 4.1,https://fmteam.fr/api/download/kamen-byoto/fr/vol/1/ch/4/sub/1
fmteam,kamen-byoto,chapitre 3,https://fmteam.fr/api/download/kamen-byoto/fr/vol/1/ch/3
fmteam,kamen-byoto,chapitre 2,https://fmteam.fr/api/download/kamen-byoto/fr/vol/1/ch/2
fmteam,kamen-byoto,chapitre 1,https://fmteam.fr/api/download/kamen-byoto/fr/vol/1/ch/1
fmteam,kingdom,chapitre 782,https://fmteam.fr/api/download/kingdom/fr/ch/782
fmteam,kingdom,chapitre 781,https://fmteam.fr/api/download/kingdom/fr/ch/781
fmteam,kingdom,chapitre 780,https://fmteam.fr/api/download/kingdom/fr/ch/780
fmteam,out,chapitre 167,https://fmteam.fr/api/download/out/fr/vol/18/ch/167
fmteam,out,chapitre 166,https://fmteam.fr/api/download/out/fr/vol/18/ch/166
fmteam,out,chapitre 165,https://fmteam.fr/api/download/out/fr/vol/18/ch/165
fmteam,out,chapitre 164,https://fmteam.fr/api/download/out/fr/vol/18/ch/164
fmteam,out,chapitre 163,https://fmteam.fr/api/download/out/fr/vol/18/ch/163
fmteam,out,chapitre 162,https://fmteam.fr/api/download/out/fr/vol/18/ch/162
fmteam,out,chapitre 161,https://fmteam.fr/api/download/out/fr/vol/18/ch/161
fmteam,out,chapitre 160,https://fmteam.fr/api/download/out/fr/vol/18/ch/160
fmteam,out,chapitre 159,https://fmteam.fr/api/download/out/fr/vol/18/ch/159
fmteam,out,chapitre 158,https://fmteam.fr/api/download/out/fr/vol/17/ch/158
fmteam,out,chapitre 157,https://fmteam.fr/api/download/out/fr/vol/17/ch/157
fmteam,out,chapitre 156,https://fmteam.fr/api/download/out/fr/vol/17/ch/156
fmteam,out,chapitre 155,https://fmteam.fr/api/download/out/fr/vol/17/ch/155
fmteam,out,chapitre 154,https://fmteam.fr/api/download/out/fr/vol/17/ch/154
fmteam,out,chapitre 153,https://fmteam.fr/api/download/out/fr/vol/17/ch/153
fmteam,out,chapitre 152,https://fmteam.fr/api/download/out/fr/vol/17/ch/152
fmteam,out,chapitre 151,https://fmteam.fr/api/download/out/fr/vol/17/ch/151
fmteam,out,chapitre 150,https://fmteam.fr/api/download/out/fr/vol/17/ch/150
fmteam,out,chapitre 149,https://fmteam.fr/api/download/out/fr/vol/16/ch/149
fmteam,out,chapitre 148,https://fmteam.fr/api/download/out/fr/vol/16/ch/148
fmteam,out,chapitre 147,https://fmteam.fr/api/download/out/fr/vol/16/ch/147
fmteam,out,chapitre 146,https://fmteam.fr/api/download/out/fr/vol/16/ch/146
fmteam,out,chapitre 145,https://fmteam.fr/api/download/out/fr/vol/16/ch/145
fmteam,out,chapitre 144,https://fmteam.fr/api/download/out/fr/vol/16/ch/144
fmteam,out,chapitre 143,https://fmteam.fr/api/download/out/fr/vol/16/ch/143
fmteam,out,chapitre 142,https://fmteam.fr/api/download/out/fr/vol/16/ch/142
fmteam,out,chapitre 141,https://fmteam.fr/api/download/out/fr/vol/16/ch/141
fmteam,out,chapitre 140,https://fmteam.fr/api/download/out/fr/vol/16/ch/140
fmteam,out,chapitre 139,https://fmteam.fr/api/download/out/fr/vol/15/ch/139
fmteam,out,chapitre 138,https://fmteam.fr/api/download/out/fr/vol/15/ch/138
fmteam,out,chapitre 137,https://fmteam.fr/api/download/out/fr/vol/15/ch/137
fmteam,out,chapitre 136,https://fmteam.fr/api/download/out/fr/vol/15/ch/136
fmteam,out,chapitre 135,https://fmteam.fr/api/download/out/fr/vol/15/ch/135
fmteam,out,chapitre 134,https://fmteam.fr/api/download/out/fr/vol/15/ch/134
fmteam,out,chapitre 133,https://fmteam.fr/api/download/out/fr/vol/15/ch/133
fmteam,out,chapitre 132,https://fmteam.fr/api/download/out/fr/vol/15/ch/132
fmteam,out,chapitre 131,https://fmteam.fr/api/download/out/fr/vol/15/ch/131
fmteam,out,chapitre 130,https://fmteam.fr/api/download/out/fr/vol/15/ch/130
fmteam,out,chapitre 129,https://fmteam.fr/api/download/out/fr/vol/14/ch/129
fmteam,out,chapitre 128,https://fmteam.fr/api/download/out/fr/vol/14/ch/128
fmteam,out,chapitre 127,https://fmteam.fr/api/download/out/fr/vol/14/ch/127
fmteam,out,chapitre 126,https://fmteam.fr/api/download/out/fr/vol/14/ch/126
fmteam,out,chapitre 125,https://fmteam.fr/api/download/out/fr/vol/14/ch/125
fmteam,out,chapitre 124,https://fmteam.fr/api/download/out/fr/vol/14/ch/124
fmteam,out,chapitre 123,https://fmteam.fr/api/download/out/fr/vol/14/ch/123
fmteam,out,chapitre 122,https://fmteam.fr/api/download/out/fr/vol/14/ch/122
fmteam,out,chapitre 121,https://fmteam.fr/api/download/out/fr/vol/14/ch/121
fmteam,out,chapitre 120,https://fmteam.fr/api/download/out/fr/vol/14/ch/120
fmteam,out,chapitre 119,https://fmteam.fr/api/download/out/fr/vol/13/ch/119
fmteam,out,chapitre 118,https://fmteam.fr/api/download/out/fr/vol/13/ch/118
fmteam,out,chapitre 117,https://fmteam.fr/api/download/out/fr/vol/13/ch/117
fmteam,out,chapitre 116,https://fmteam.fr/api/download/out/fr/vol/13/ch/116
fmteam,out,chapitre 115,https://fmteam.fr/api/download/out/fr/vol/13/ch/115
fmteam,out,chapitre 114,https://fmteam.fr/api/download/out/fr/vol/13/ch/114
fmteam,out,chapitre 113,https://fmteam.fr/api/download/out/fr/vol/13/ch/113
fmteam,out,chapitre 112,https://fmteam.fr/api/download/out/fr/vol/13/ch/112
fmteam,out,chapitre 111,https://fmteam.fr/api/download/out/fr/vol/13/ch/111
fmteam,out,chapitre 110,https://fmteam.fr/api/download/out/fr/vol/12/ch/110
fmteam,out,chapitre 109,https://fmteam.fr/api/download/out/fr/vol/12/ch/109
fmteam,out,chapitre 108,https://fmteam.fr/api/download/out/fr/vol/12/ch/108
fmteam,out,chapitre 107,https://fmteam.fr/api/download/out/fr/vol/12/ch/107
fmteam,out,chapitre 106,https://fmteam.fr/api/download/out/fr/vol/12/ch/106
fmteam,out,chapitre 105,https://fmteam.fr/api/download/out/fr/vol/12/ch/105
fmteam,out,chapitre 104,https://fmteam.fr/api/download/out/fr/vol/12/ch/104
fmteam,out,chapitre 103,https://fmteam.fr/api/download/out/fr/vol/12/ch/103
fmteam,out,chapitre 102,https://fmteam.fr/api/download/out/fr/vol/12/ch/102
fmteam,out,chapitre 101,https://fmteam.fr/api/download/out/fr/vol/11/ch/101
fmteam,out,chapitre 100,https://fmteam.fr/api/download/out/fr/vol/11/ch/100
fmteam,out,chapitre 99,https://fmteam.fr/api/download/out/fr/vol/11/ch/99
fmteam,out,chapitre 98,https://fmteam.fr/api/download/out/fr/vol/11/ch/98
fmteam,out,chapitre 97,https://fmteam.fr/api/download/out/fr/vol/11/ch/97
fmteam,out,chapitre 96,https://fmteam.fr/api/download/out/fr/vol/11/ch/96
fmteam,out,chapitre 95,https://fmteam.fr/api/download/out/fr/vol/11/ch/95
fmteam,out,chapitre 94,https://fmteam.fr/api/download/out/fr/vol/11/ch/94
fmteam,out,chapitre 93,https://fmteam.fr/api/download/out/fr/vol/11/ch/93
fmteam,out,chapitre 92,https://fmteam.fr/api/download/out/fr/vol/11/ch/92
fmteam,out,chapitre 91,https://fmteam.fr/api/download/out/fr/vol/10/ch/91
fmteam,out,chapitre 90,https://fmteam.fr/api/download/out/fr/vol/10/ch/90
fmteam,out,chapitre 89,https://fmteam.fr/api/download/out/fr/vol/10/ch/89
fmteam,out,chapitre 88,https://fmteam.fr/api/download/out/fr/vol/10/ch/88
fmteam,out,chapitre 87,https://fmteam.fr/api/download/out/fr/vol/10/ch/87
fmteam,out,chapitre 86,https://fmteam.fr/api/download/out/fr/vol/10/ch/86
fmteam,out,chapitre 85,https://fmteam.fr/api/download/out/fr/vol/10/ch/85
fmteam,out,chapitre 84,https://fmteam.fr/api/download/out/fr/vol/10/ch/84
fmteam,out,chapitre 83,https://fmteam.fr/api/download/out/fr/vol/10/ch/83
fmteam,out,chapitre 82,https://fmteam.fr/api/download/out/fr/vol/9/ch/82
fmteam,out,chapitre 81,https://fmteam.fr/api/download/out/fr/vol/9/ch/81
fmteam,out,chapitre 80,https://fmteam.fr/api/download/out/fr/vol/9/ch/80
fmteam,out,chapitre 79,https://fmteam.fr/api/download/out/fr/vol/9/ch/79
fmteam,out,chapitre 78,https://fmteam.fr/api/download/out/fr/vol/9/ch/78
fmteam,out,chapitre 77,https://fmteam.fr/api/download/out/fr/vol/9/ch/77
fmteam,out,chapitre 76,https://fmteam.fr/api/download/out/fr/vol/9/ch/76
fmteam,out,chapitre 75,https://fmteam.fr/api/download/out/fr/vol/9/ch/75
fmteam,out,chapitre 74,https://fmteam.fr/api/download/out/fr/vol/9/ch/74
fmteam,out,chapitre 73,https://fmteam.fr/api/download/out/fr/vol/8/ch/73
fmteam,out,chapitre 72,https://fmteam.fr/api/download/out/fr/vol/8/ch/72
fmteam,out,chapitre 71,https://fmteam.fr/api/download/out/fr/vol/8/ch/71
fmteam,out,chapitre 70,https://fmteam.fr/api/download/out/fr/vol/8/ch/70
fmteam,out,chapitre 69,https://fmteam.fr/api/download/out/fr/vol/8/ch/69
fmteam,out,chapitre 68,https://fmteam.fr/api/download/out/fr/vol/8/ch/68
fmteam,out,chapitre 67,https://fmteam.fr/api/download/out/fr/vol/8/ch/67
fmteam,out,chapitre 66,https://fmteam.fr/api/download/out/fr/vol/8/ch/66
fmteam,out,chapitre 65,https://fmteam.fr/api/download/out/fr/vol/8/ch/65
fmteam,out,chapitre 64,https://fmteam.fr/api/download/out/fr/vol/7/ch/64
fmteam,out,chapitre 63,https://fmteam.fr/api/download/out/fr/vol/7/ch/63
fmteam,out,chapitre 62,https://fmteam.fr/api/download/out/fr/vol/7/ch/62
fmteam,out,chapitre 61,https://fmteam.fr/api/download/out/fr/vol/7/ch/61
fmteam,out,chapitre 60,https://fmteam.fr/api/download/out/fr/vol/7/ch/60
fmteam,out,chapitre 59,https://fmteam.fr/api/download/out/fr/vol/7/ch/59
fmteam,out,chapitre 58,https://fmteam.fr/api/download/out/fr/vol/7/ch/58
fmteam,out,chapitre 57,https://fmteam.fr/api/download/out/fr/vol/7/ch/57
fmteam,out,chapitre 56,https://fmteam.fr/api/download/out/fr/vol/7/ch/56
fmteam,out,chapitre 55,https://fmteam.fr/api/download/out/fr/vol/6/ch/55
fmteam,out,chapitre 54,https://fmteam.fr/api/download/out/fr/vol/6/ch/54
fmteam,out,chapitre 53,https://fmteam.fr/api/download/out/fr/vol/6/ch/53
fmteam,out,chapitre 52,https://fmteam.fr/api/download/out/fr/vol/6/ch/52
fmteam,out,chapitre 51,https://fmteam.fr/api/download/out/fr/vol/6/ch/51
fmteam,out,chapitre 50,https://fmteam.fr/api/download/out/fr/vol/6/ch/50
fmteam,out,chapitre 49,https://fmteam.fr/api/download/out/fr/vol/6/ch/49
fmteam,out,chapitre 48,https://fmteam.fr/api/download/out/fr/vol/6/ch/48
fmteam,out,chapitre 47,https://fmteam.fr/api/download/out/fr/vol/6/ch/47
fmteam,out,chapitre 46,https://fmteam.fr/api/download/out/fr/vol/5/ch/46
fmteam,out,chapitre 45,https://fmteam.fr/api/download/out/fr/vol/5/ch/45
fmteam,out,chapitre 44,https://fmteam.fr/api/download/out/fr/vol/5/ch/44
fmteam,out,chapitre 43,https://fmteam.fr/api/download/out/fr/vol/5/ch/43
fmteam,out,chapitre 42,https://fmteam.fr/api/download/out/fr/vol/5/ch/42
fmteam,out,chapitre 41,https://fmteam.fr/api/download/out/fr/vol/5/ch/41
fmteam,out,chapitre 40,https://fmteam.fr/api/download/out/fr/vol/5/ch/40
fmteam,out,chapitre 39,https://fmteam.fr/api/download/out/fr/vol/5/ch/39
fmteam,out,chapitre 38,https://fmteam.fr/api/download/out/fr/vol/5/ch/38
fmteam,out,chapitre 37,https://fmteam.fr/api/download/out/fr/vol/5/ch/37
fmteam,out,chapitre 36,https://fmteam.fr/api/download/out/fr/vol/4/ch/36
fmteam,out,chapitre 35,https://fmteam.fr/api/download/out/fr/vol/4/ch/35
fmteam,out,chapitre 34,https://fmteam.fr/api/download/out/fr/vol/4/ch/34
fmteam,out,chapitre 33,https://fmteam.fr/api/download/out/fr/vol/4/ch/33
fmteam,out,chapitre 32,https://fmteam.fr/api/download/out/fr/vol/4/ch/32
fmteam,out,chapitre 31,https://fmteam.fr/api/download/out/fr/vol/4/ch/31
fmteam,out,chapitre 30,https://fmteam.fr/api/download/out/fr/vol/4/ch/30
fmteam,out,chapitre 29,https://fmteam.fr/api/download/out/fr/vol/4/ch/29
fmteam,out,chapitre 28,https://fmteam.fr/api/download/out/fr/vol/4/ch/28
fmteam,out,chapitre 27,https://fmteam.fr/api/download/out/fr/vol/3/ch/27
fmteam,out,chapitre 26,https://fmteam.fr/api/download/out/fr/vol/3/ch/26
fmteam,out,chapitre 25,https://fmteam.fr/api/download/out/fr/vol/3/ch/25
fmteam,out,chapitre 24,https://fmteam.fr/api/download/out/fr/vol/3/ch/24
fmteam,out,chapitre 23,https://fmteam.fr/api/download/out/fr/vol/3/ch/23
fmteam,out,chapitre 22,https://fmteam.fr/api/download/out/fr/vol/3/ch/22
fmteam,out,chapitre 21,https://fmteam.fr/api/download/out/fr/vol/3/ch/21
fmteam,out,chapitre 20,https://fmteam.fr/api/download/out/fr/vol/3/ch/20
fmteam,out,chapitre 19,https://fmteam.fr/api/download/out/fr/vol/3/ch/19
fmteam,out,chapitre 18,https://fmteam.fr/api/download/out/fr/vol/2/ch/18
fmteam,out,chapitre 17,https://fmteam.fr/api/download/out/fr/vol/2/ch/17
fmteam,out,chapitre 16,https://fmteam.fr/api/download/out/fr/vol/2/ch/16
fmteam,out,chapitre 15,https://fmteam.fr/api/download/out/fr/vol/2/ch/15
fmteam,out,chapitre 14,https://fmteam.fr/api/download/out/fr/vol/2/ch/14
fmteam,out,chapitre 13,https://fmteam.fr/api/download/out/fr/vol/2/ch/13
fmteam,out,chapitre 12,https://fmteam.fr/api/download/out/fr/vol/2/ch/12
fmteam,out,chapitre 11,https://fmteam.fr/api/download/out/fr/vol/2/ch/11
fmteam,out,chapitre 10,https://fmteam.fr/api/download/out/fr/vol/2/ch/10
fmteam,out,chapitre 9,https://fmteam.fr/api/download/out/fr/vol/1/ch/9
fmteam,out,chapitre 8,https://fmteam.fr/api/download/out/fr/vol/1/ch/8
fmteam,out,chapitre 7,https://fmteam.fr/api/download/out/fr/vol/1/ch/7
fmteam,out,chapitre 6,https://fmteam.fr/api/download/out/fr/vol/1/ch/6
fmteam,out,chapitre 5,https://fmteam.fr/api/download/out/fr/vol/1/ch/5
fmteam,out,chapitre 4,https://fmteam.fr/api/download/out/fr/vol/1/ch/4
fmteam,out,chapitre 3,https://fmteam.fr/api/download/out/fr/vol/1/ch/3
fmteam,out,chapitre 2,https://fmteam.fr/api/download/out/fr/vol/1/ch/2
fmteam,out,chapitre 1,https://fmteam.fr/api/download/out/fr/vol/1/ch/1
fmteam,one-punch-man,chapitre 196,https://fmteam.fr/api/download/one-punch-man/fr/ch/196
fmteam,one-punch-man,chapitre 195,https://fmteam.fr/api/download/one-punch-man/fr/ch/195
fmteam,one-punch-man,chapitre 194,https://fmteam.fr/api/download/one-punch-man/fr/ch/194
fmteam,real,chapitre 95,https://fmteam.fr/api/download/real/fr/ch/95
fmteam,real,chapitre 94,https://fmteam.fr/api/download/real/fr/ch/94
fmteam,real,chapitre 93,https://fmteam.fr/api/download/real/fr/ch/93
fmteam,the-fable-the-second-contact,chapitre 67,https://fmteam.fr/api/download/the-fable-the-second-contact/fr/vol/7/ch/67
fmteam,the-fable-the-second-contact,chapitre 66,https://fmteam.fr/api/download/the-fable-the-second-contact/fr/vol/7/ch/66
fmteam,the-fable-the-second-contact,chapitre 65,https://fmteam.fr/api/download/the-fable-the-second-contact/fr/vol/7/ch/65
fmteam,the-fable-the-second-contact,chapitre 64,https://fmteam.fr/api/download/the-fable-the-second-contact/fr/vol/7/ch/64
fmteam,the-fable-the-second-contact,chapitre 63,https://fmteam.fr/api/download/the-fable-the-second-contact/fr/vol/7/ch/63
fmteam,the-fable-the-second-contact,chapitre 62,https://fmteam.fr/api/download/the-fable-the-second-contact/fr/vol/7/ch/62
fmteam,the-fable-the-second-contact,chapitre 61,https://fmteam.fr/api/download/the-fable-the-second-contact/fr/vol/7/ch/61
fmteam,the-fable-the-second-contact,chapitre 60,https://fmteam.fr/api/download/the-fable-the-second-contact/fr/vol/7/ch/60
fmteam,the-fable-the-second-contact,chapitre 59,https://fmteam.fr/api/download/the-fable-the-second-contact/fr/vol/7/ch/59
fmteam,the-fable-the-second-contact,chapitre 58,https://fmteam.fr/api/download/the-fable-the-second-contact/fr/vol/7/ch/58
fmteam,the-fable-the-second-contact,chapitre 57,https://fmteam.fr/api/download/the-fable-the-second-contact/fr/vol/6/ch/57
fmteam,the-fable-the-second-contact,chapitre 56,https://fmteam.fr/api/download/the-fable-the-second-contact/fr/vol/6/ch/56
fmteam,the-fable-the-second-contact,chapitre 55,https://fmteam.fr/api/download/the-fable-the-second-contact/fr/vol/6/ch/55
fmteam,the-fable-the-second-contact,chapitre 54,https://fmteam.fr/api/download/the-fable-the-second-contact/fr/vol/6/ch/54
fmteam,the-fable-the-second-contact,chapitre 53,https://fmteam.fr/api/download/the-fable-the-second-contact/fr/vol/6/ch/53
fmteam,the-fable-the-second-contact,chapitre 52,https://fmteam.fr/api/download/the-fable-the-second-contact/fr/vol/6/ch/52
fmteam,the-fable-the-second-contact,chapitre 51,https://fmteam.fr/api/download/the-fable-the-second-contact/fr/vol/6/ch/51
fmteam,the-fable-the-second-contact,chapitre 50,https://fmteam.fr/api/download/the-fable-the-second-contact/fr/vol/6/ch/50
fmteam,the-fable-the-second-contact,chapitre 49,https://fmteam.fr/api/download/the-fable-the-second-contact/fr/vol/6/ch/49
fmteam,the-fable-the-second-contact,chapitre 48,https://fmteam.fr/api/download/the-fable-the-second-contact/fr/vol/6/ch/48
fmteam,the-fable-the-second-contact,chapitre 47,https://fmteam.fr/api/download/the-fable-the-second-contact/fr/vol/5/ch/47
fmteam,the-fable-the-second-contact,chapitre 46,https://fmteam.fr/api/download/the-fable-the-second-contact/fr/vol/5/ch/46
fmteam,the-fable-the-second-contact,chapitre 45,https://fmteam.fr/api/download/the-fable-the-second-contact/fr/vol/5/ch/45
fmteam,the-fable-the-second-contact,chapitre 44,https://fmteam.fr/api/download/the-fable-the-second-contact/fr/vol/5/ch/44
fmteam,the-fable-the-second-contact,chapitre 43,https://fmteam.fr/api/download/the-fable-the-second-contact/fr/vol/5/ch/43
fmteam,the-fable-the-second-contact,chapitre 42,https://fmteam.fr/api/download/the-fable-the-second-contact/fr/vol/5/ch/42
fmteam,the-fable-the-second-contact,chapitre 41,https://fmteam.fr/api/download/the-fable-the-second-contact/fr/vol/5/ch/41
fmteam,the-fable-the-second-contact,chapitre 40,https://fmteam.fr/api/download/the-fable-the-second-contact/fr/vol/5/ch/40
fmteam,the-fable-the-second-contact,chapitre 39,https://fmteam.fr/api/download/the-fable-the-second-contact/fr/vol/5/ch/39
fmteam,the-fable-the-second-contact,chapitre 38,https://fmteam.fr/api/download/the-fable-the-second-contact/fr/vol/5/ch/38
fmteam,the-fable-the-second-contact,chapitre 37,https://fmteam.fr/api/download/the-fable-the-second-contact/fr/vol/4/ch/37
fmteam,the-fable-the-second-contact,chapitre 36,https://fmteam.fr/api/download/the-fable-the-second-contact/fr/vol/4/ch/36
fmteam,the-fable-the-second-contact,chapitre 35,https://fmteam.fr/api/download/the-fable-the-second-contact/fr/vol/4/ch/35
fmteam,the-fable-the-second-contact,chapitre 34,https://fmteam.fr/api/download/the-fable-the-second-contact/fr/vol/4/ch/34
fmteam,the-fable-the-second-contact,chapitre 33,https://fmteam.fr/api/download/the-fable-the-second-contact/fr/vol/4/ch/33
fmteam,the-fable-the-second-contact,chapitre 32,https://fmteam.fr/api/download/the-fable-the-second-contact/fr/vol/4/ch/32
fmteam,the-fable-the-second-contact,chapitre 31,https://fmteam.fr/api/download/the-fable-the-second-contact/fr/vol/4/ch/31
fmteam,the-fable-the-second-contact,chapitre 30,https://fmteam.fr/api/download/the-fable-the-second-contact/fr/vol/4/ch/30
fmteam,the-fable-the-second-contact,chapitre 29,https://fmteam.fr/api/download/the-fable-the-second-contact/fr/vol/4/ch/29
fmteam,the-fable-the-second-contact,chapitre 28,https://fmteam.fr/api/download/the-fable-the-second-contact/fr/vol/4/ch/28
fmteam,the-fable-the-second-contact,chapitre 27,https://fmteam.fr/api/download/the-fable-the-second-contact/fr/vol/3/ch/27
fmteam,the-fable-the-second-contact,chapitre 26,https://fmteam.fr/api/download/the-fable-the-second-contact/fr/vol/3/ch/26
fmteam,the-fable-the-second-contact,chapitre 25,https://fmteam.fr/api/download/the-fable-the-second-contact/fr/vol/3/ch/25
fmteam,the-fable-the-second-contact,chapitre 24,https://fmteam.fr/api/download/the-fable-the-second-contact/fr/vol/3/ch/24
fmteam,the-fable-the-second-contact,chapitre 23,https://fmteam.fr/api/download/the-fable-the-second-contact/fr/vol/3/ch/23
fmteam,the-fable-the-second-contact,chapitre 22,https://fmteam.fr/api/download/the-fable-the-second-contact/fr/vol/3/ch/22
fmteam,the-fable-the-second-contact,chapitre 21,https://fmteam.fr/api/download/the-fable-the-second-contact/fr/vol/3/ch/21
fmteam,the-fable-the-second-contact,chapitre 20,https://fmteam.fr/api/download/the-fable-the-second-contact/fr/vol/3/ch/20
fmteam,the-fable-the-second-contact,chapitre 19,https://fmteam.fr/api/download/the-fable-the-second-contact/fr/vol/3/ch/19
fmteam,the-fable-the-second-contact,chapitre 18,https://fmteam.fr/api/download/the-fable-the-second-contact/fr/vol/3/ch/18
fmteam,the-fable-the-second-contact,chapitre 17,https://fmteam.fr/api/download/the-fable-the-second-contact/fr/vol/2/ch/17
fmteam,the-fable-the-second-contact,chapitre 16,https://fmteam.fr/api/download/the-fable-the-second-contact/fr/vol/2/ch/16
fmteam,the-fable-the-second-contact,chapitre 15,https://fmteam.fr/api/download/the-fable-the-second-contact/fr/vol/2/ch/15
fmteam,the-fable-the-second-contact,chapitre 14,https://fmteam.fr/api/download/the-fable-the-second-contact/fr/vol/2/ch/14
fmteam,the-fable-the-second-contact,chapitre 13,https://fmteam.fr/api/download/the-fable-the-second-contact/fr/vol/2/ch/13
fmteam,the-fable-the-second-contact,chapitre 12,https://fmteam.fr/api/download/the-fable-the-second-contact/fr/vol/2/ch/12
fmteam,the-fable-the-second-contact,chapitre 11,https://fmteam.fr/api/download/the-fable-the-second-contact/fr/vol/2/ch/11
fmteam,the-fable-the-second-contact,chapitre 10,https://fmteam.fr/api/download/the-fable-the-second-contact/fr/vol/2/ch/10
fmteam,the-fable-the-second-contact,chapitre 9,https://fmteam.fr/api/download/the-fable-the-second-contact/fr/vol/2/ch/9
fmteam,the-fable-the-second-contact,chapitre 8,https://fmteam.fr/api/download/the-fable-the-second-contact/fr/vol/2/ch/8
fmteam,the-fable-the-second-contact,chapitre 7,https://fmteam.fr/api/download/the-fable-the-second-contact/fr/vol/1/ch/7
fmteam,the-fable-the-second-contact,chapitre 6,https://fmteam.fr/api/download/the-fable-the-second-contact/fr/vol/1/ch/6
fmteam,the-fable-the-second-contact,chapitre 5,https://fmteam.fr/api/download/the-fable-the-second-contact/fr/vol/1/ch/5
fmteam,the-fable-the-second-contact,chapitre 4,https://fmteam.fr/api/download/the-fable-the-second-contact/fr/vol/1/ch/4
fmteam,the-fable-the-second-contact,chapitre 3,https://fmteam.fr/api/download/the-fable-the-second-contact/fr/vol/1/ch/3
fmteam,the-fable-the-second-contact,chapitre 2,https://fmteam.fr/api/download/the-fable-the-second-contact/fr/vol/1/ch/2
fmteam,the-fable-the-second-contact,chapitre 1,https://fmteam.fr/api/download/the-fable-the-second-contact/fr/vol/1/ch/1
fmteam,vinland-saga,chapitre 207,https://fmteam.fr/api/download/vinland-saga/fr/ch/207
fmteam,vinland-saga,chapitre 206,https://fmteam.fr/api/download/vinland-saga/fr/ch/206
fmteam,vinland-saga,chapitre 205,https://fmteam.fr/api/download/vinland-saga/fr/ch/205
fmteam,yomi-no-tsugai,chapitre 19,https://fmteam.fr/api/download/yomi-no-tsugai/fr/ch/19
fmteam,yomi-no-tsugai,chapitre 18,https://fmteam.fr/api/download/yomi-no-tsugai/fr/ch/18
fmteam,yomi-no-tsugai,chapitre 17,https://fmteam.fr/api/download/yomi-no-tsugai/fr/ch/17
fmteam,yomotsuhegui,chapitre 15,https://fmteam.fr/api/download/yomotsuhegui/fr/ch/15
fmteam,yomotsuhegui,chapitre 14,https://fmteam.fr/api/download/yomotsuhegui/fr/ch/14
fmteam,yomotsuhegui,chapitre 13,https://fmteam.fr/api/download/yomotsuhegui/fr/ch/13
fmteam,yomotsuhegui,chapitre 12,https://fmteam.fr/api/download/yomotsuhegui/fr/ch/12
fmteam,yomotsuhegui,chapitre 11,https://fmteam.fr/api/download/yomotsuhegui/fr/ch/11
fmteam,yomotsuhegui,chapitre 10,https://fmteam.fr/api/download/yomotsuhegui/fr/ch/10
fmteam,yomotsuhegui,chapitre 9,https://fmteam.fr/api/download/yomotsuhegui/fr/ch/9
fmteam,yomotsuhegui,chapitre 8,https://fmteam.fr/api/download/yomotsuhegui/fr/ch/8
fmteam,yomotsuhegui,chapitre 7,https://fmteam.fr/api/download/yomotsuhegui/fr/ch/7
fmteam,yomotsuhegui,chapitre 6,https://fmteam.fr/api/download/yomotsuhegui/fr/ch/6
fmteam,yomotsuhegui,chapitre 5,https://fmteam.fr/api/download/yomotsuhegui/fr/ch/5
fmteam,yomotsuhegui,chapitre 4,https://fmteam.fr/api/download/yomotsuhegui/fr/ch/4
fmteam,yomotsuhegui,chapitre 3,https://fmteam.fr/api/download/yomotsuhegui/fr/ch/3
fmteam,yomotsuhegui,chapitre 2,https://fmteam.fr/api/download/yomotsuhegui/fr/ch/2
fmteam,yomotsuhegui,chapitre 1,https://fmteam.fr/api/download/yomotsuhegui/fr/ch/1
